"""GB10"": {""locn"": [0, 1049, 75], ""turn_points"": [], ""dsgnspd"": 21, ""currspd"": 21, ""belt"": 15, ""deck"": 3, ""main"": {""targ"": ""RB2"", ""calibre"": ""SM"", ""fore"": 4, ""mid"": 14, ""aft"": 4, ""range"": 0, ""rangeband"": ""Bynd"", ""arc"": 0, ""xingt"": 0, ""time"": 0, ""straddle"": 0}, ""firedat"": -5, ""blocksize"": 24, ""currblock"": 0, ""blockfill"": 0}, ""GB11"": {""locn"": [0, 1049, 69], ""turn_points"": [], ""dsgnspd"": 21, ""currspd"": 21, ""belt"": 15, ""deck"": 3, ""main"": {""targ"": ""RB2"", ""calibre"": ""HM"", ""fore"": 4, ""mid"": 10, ""aft"": 4, ""range"": 0, ""rangeband"": ""Bynd"", ""arc"": 0, ""xingt"": 0, ""time"": 0, ""straddle"": 0}, ""firedat"": -5, ""blocksize"": 24, ""currblock"": 0, ""blockfill"": 0}, ""GB12"": {""locn"": [0, 1049, 63], ""turn_points"": [], ""dsgnspd"": 21, ""currspd"": 21, ""belt"": 15, ""deck"": 3, ""main"": {""targ"": ""RB4"", ""calibre"": ""HM"", ""fore"": 4, ""mid"": 10, ""aft"": 4, ""range"": 0, ""rangeband"": ""Bynd"", ""arc"": 0, ""xingt"": 0, ""time"": 0, ""straddle"": 0}, ""firedat"": -5, ""blocksize"": 24, ""currblock"": 0, ""blockfill"": 0}, ""GB13"": {""locn"": [0, 1049, 57], ""turn_points"": [], ""dsgnspd"": 21, ""currspd"": 21, ""belt"": 15, ""deck"": 3, ""main"": {""targ"": ""RB4"", ""calibre"": ""HM"", ""fore"": 4, ""mid"": 10, ""aft"": 4, ""range"": 0, ""rangeband"": ""Bynd"", ""arc"": 0, ""xingt"": 0, ""time"": 0, ""straddle"": 0}, ""firedat"": -5, ""blocksize"": 24, ""currblock"": 0, ""blockfill"": 0}, ""GB14"": {""locn"": [0, 1049, 45], ""turn_points"": [], ""dsgnspd"": 21, ""currspd"": 21, ""belt"": 15, ""deck"": 3, ""main"": {""targ"": ""RB5"", ""calibre"": ""MM"", ""fore"": 4, ""mid"": 12, ""aft"": 4, ""range"": 0, ""rangeband"": ""Bynd"", ""arc"": 0, ""xingt"": 0, ""time"": 0, ""straddle"": 0}, ""firedat"": -5, ""blocksize"": 24, ""currblock"": 0, ""blockfill"": 0}, ""GB15"": {""locn"": [0, 1049, 39], ""turn_points"": [], ""dsgnspd"": 21, ""currspd"": 21, ""belt"": 15, ""deck"": 3, ""main"": {""targ"": ""RB6"", ""calibre"": ""MM"", ""fore"": 4, ""mid"": 12, ""aft"": 4, ""range"": 0, ""rangeband"": ""Bynd"", ""arc"": 0, ""xingt"": 0, ""time"": 0, ""straddle"": 0}, ""firedat"": -5, ""blocksize"": 24, ""currblock"": 0, ""blockfill"": 0}, ""GCr1"": {""locn"": [0, 996, 15], ""turn_points"": [], ""dsgnspd"": 21, ""currspd"": 21, ""belt"": 6, ""deck"": 2, ""main"": {""targ"": """", ""calibre"": ""GS"", ""fore"": 3, ""mid"": 6, ""aft"": 3, ""range"": 0, ""rangeband"": ""Bynd"", ""arc"": 0, ""xingt"": 0, ""time"": 0, ""straddle"": 0}, ""firedat"": -5, ""blocksize"": 15, ""currblock"": 0, ""blockfill"": 0}, ""GCr21"": {""locn"": [0, 1065, 90], ""turn_points"": [], ""dsgnspd"": 30, ""currspd"": 21, ""belt"": 5.5, ""deck"": 2, ""main"": {""targ"": """", ""calibre"": ""CS"", ""fore"": 4, ""mid"": 12, ""aft"": 3, ""range"": 0, ""rangeband"": ""Bynd"", ""arc"": 0, ""xingt"": 0, ""time"": 0, ""straddle"": 0}, ""firedat"": -5, ""blocksize"": 12, ""currblock"": 0, ""blockfill"": 0}, ""GCr22"": {""locn"": [0, 933, 90], ""turn_points"": [], ""dsgnspd"": 30, ""currspd"": 21, ""belt"": 5.5, ""deck"": 2, ""main"": {""targ"": """", ""calibre"": ""CS"", ""fore"": 4, ""mid"": 12, ""aft"": 3, ""range"": 0, ""rangeband"": ""Bynd"", ""arc"": 0, ""xingt"": 0, ""time"": 0, ""straddle"": 0}, ""firedat"": -5, ""blocksize"": 12, ""currblock"": 0, ""blockfill"": 0}, ""GCr23"": {""locn"": [0, 1065, 84], ""turn_points"": [], ""dsgnspd"": 30, ""currspd"": 21, ""belt"": 4.5, ""deck"": 2, ""main"": {""targ"": """", ""calibre"": ""CS"", ""fore"": 3, ""mid"": 10, ""aft"": 4, ""range"": 0, ""rangeband"": ""Bynd"", ""arc"": 0, ""xingt"": 0, ""time"": 0, ""straddle"": 0}, ""firedat"": -5, ""blocksize"": 12, ""currblock"": 0, ""blockfill"": 0}, ""GCr24"": {""locn"": [0, 933, 84], ""turn_points"": [], ""dsgnspd"": 30, ""currspd"": 21, ""belt"": 5.25, ""deck"": 2, ""main"": {""targ"": """", ""calibre"": ""CS"", ""fore"": 4, ""mid"": 10, ""aft"": 4, ""range"": 0, ""rangeband"": ""Bynd"", ""arc"": 0, ""xingt"": 0, ""time"": 0, ""straddle"": 0}, ""firedat"": -5, ""blocksize"": 12, ""currblock"": 0, ""blockfill"": 0}, ""GCr25"": {""locn"": [0, 933, 78], ""turn_points"": [], ""dsgnspd"": 30, ""currspd"": 21, ""belt"": 4.5, ""deck"": 2, ""main"": {""targ"": """", ""calibre"": ""XS"", ""fore"": 3, ""mid"": 12, ""aft"": 4, ""range"": 0, ""rangeband"": ""Bynd"", ""arc"": 0, ""xingt"": 0, ""time"": 0, ""straddle"": 0}, ""firedat"": -5, ""blocksize"": 10, ""currblock"": 0, ""blockfill"": 0}, ""GCr36"": {""locn"": [0, 996, 33], ""turn_points"": [], ""dsgnspd"": 30, ""currspd"": 21, ""belt"": 4.75, ""deck"": 2, ""main"": {""targ"": """", ""calibre"": ""XS"", ""fore"": 3, ""mid"": 10, ""aft"": 4, ""range"": 0, ""rangeband"": ""Bynd"", ""arc"": 0, ""xingt"": 0, ""time"": 0, ""straddle"": 0}, ""firedat"": -5, ""blocksize"": 10, ""currblock"": 0, ""blockfill"": 0}, ""GCr39"": {""locn"": [0, 1065, 78], ""turn_points"": [], ""dsgnspd"": 30, ""currspd"": 21, ""belt"": 13, ""deck"": 5.25, ""main"": {""targ"": """", ""calibre"": ""CS"", ""fore"": 3, ""mid"": 15, ""aft"": 3, ""range"": 0, ""rangeband"": ""Bynd"", ""arc"": 0, ""xingt"": 0, ""time"": 0, ""straddle"": 0}, ""firedat"": -5, ""blocksize"": 15, ""currblock"": 0, ""blockfill"": 0}, ""GDH1"": {""locn"": [0, 1065, 72], ""turn_points"": [], ""dsgnspd"": 30, ""currspd"": 21, ""belt"": 0, ""deck"": 0, ""main"": {""targ"": """", ""calibre"": ""SS"", ""fore"": 2, ""mid"": 7, ""aft"": 2, ""range"": 0, ""rangeband"": ""Bynd"", ""arc"": 0, ""xingt"": 0, ""time"": 0, ""straddle"": 0}, ""firedat"": -5, ""blocksize"": 6, ""currblock"": 0, ""blockfill"": 0}, ""GDH2"": {""locn"": [0, 1065, 69], ""turn_points"": [], ""dsgnspd"": 30, ""currspd"": 21, ""belt"": 0, ""deck"": 0, ""main"": {""targ"": """", ""calibre"": ""SS"", ""fore"": 2, ""mid"": 7, ""aft"": 2, ""range"": 0, ""rangeband"": ""Bynd"", ""arc"": 0, ""xingt"": 0, ""time"": 0, ""straddle"": 0}, ""firedat"": -5, ""blocksize"": 6, ""currblock"": 0, ""blockfill"": 0}, ""GDH3"": {""locn"": [0, 1065, 66], ""turn_points"": [], ""dsgnspd"": 30, ""currspd"": 21, ""belt"": 0, ""deck"": 0, ""main"": {""targ"": """", ""calibre"": ""SS"", ""fore"": 2, ""mid"": 7, ""aft"": 2, ""range"": 0, ""rangeband"": ""Bynd"", ""arc"": 0, ""xingt"": 0, ""time"": 0, ""straddle"": 0}, ""firedat"": -5, ""blocksize"": 6, ""currblock"": 0, ""blockfill"": 0}, ""GDH4"": {""locn"": [0, 1065, 63], ""turn_points"": [], ""dsgnspd"": 30, ""currspd"": 21, ""belt"": 0, ""deck"": 0, ""main"": {""targ"": """", ""calibre"": ""SS"", ""fore"": 2, ""mid"": 7, ""aft"": 2, ""range"": 0, ""rangeband"": ""Bynd"", ""arc"": 0, ""xingt"": 0, ""time"": 0, ""straddle"": 0}, ""firedat"": -5, ""blocksize"": 6, ""currblock"": 0, ""blockfill"": 0}, ""GDH5"": {""locn"": [0, 1065, 60], ""turn_points"": [], ""dsgnspd"": 30, ""currspd"": 21, ""belt"": 0, ""deck"": 0, ""main"": {""targ"": """", ""calibre"": ""SS"", ""fore"": 2, ""mid"": 7, ""aft"": 2, ""range"": 0, ""rangeband"": ""Bynd"", ""arc"": 0, ""xingt"": 0, ""time"": 0, ""straddle"": 0}, ""firedat"": -5, ""blocksize"": 6, ""currblock"": 0, ""blockfill"": 0}, ""GDH6"": {""locn"": [0, 1065, 57], ""turn_points"": [], ""dsgnspd"": 30, ""currspd"": 21, ""belt"": 0, ""deck"": 0, ""main"": {""targ"": """", ""calibre"": ""SS"", ""fore"": 2, ""mid"": 7, ""aft"": 2, ""range"": 0, ""rangeband"": ""Bynd"", ""arc"": 0, ""xingt"": 0, ""time"": 0, ""straddle"": 0}, ""firedat"": -5, ""blocksize"": 6, ""currblock"": 0, ""blockfill"": 0}, ""GDH7"": {""locn"": [0, 1065, 54], ""turn_points"": [], ""dsgnspd"": 30, ""currspd"": 21, ""belt"": 0, ""deck"": 0, ""main"": {""targ"": """", ""calibre"": ""SS"", ""fore"": 2, ""mid"": 7, ""aft"": 2, ""range"": 0, ""rangeband"": ""Bynd"", ""arc"": 0, ""xingt"": 0, ""time"": 0, ""straddle"": 0}, ""firedat"": -5, ""blocksize"": 6, ""currblock"": 0, ""blockfill"": 0}, ""GDH8"": {""locn"": [0, 1065, 51], ""turn_points"": [], ""dsgnspd"": 30, ""currspd"": 21, ""belt"": 0, ""deck"": 0, ""main"": {""targ"": """", ""calibre"": ""SS"", ""fore"": 2, ""mid"": 7, ""aft"": 2, ""range"": 0, ""rangeband"": ""Bynd"", ""arc"": 0, ""xingt"": 0, ""time"": 0, ""straddle"": 0}, ""firedat"": -5, ""blocksize"": 6, ""currblock"": 0, ""blockfill"": 0}, ""GDH9"": {""locn"": [0, 933, 72], ""turn_points"": [], ""dsgnspd"": 30, ""currspd"": 21, ""belt"": 0, ""deck"": 0, ""main"": {""targ"": """", ""calibre"": ""SS"", ""fore"": 2, ""mid"": 7, ""aft"": 2, ""range"": 0, ""rangeband"": ""Bynd"", ""arc"": 0, ""xingt"": 0, ""time"": 0, ""straddle"": 0}, ""firedat"": -5, ""blocksize"": 6, ""currblock"": 0, ""blockfill"": 0}, ""GDH10"": {""locn"": [0, 933, 69], ""turn_points"": [], ""dsgnspd"": 30, ""currspd"": 21, ""belt"": 0, ""deck"": 0, ""main"": {""targ"": """", ""calibre"": ""SS"", ""fore"": 2, ""mid"": 7, ""aft"": 2, ""range"": 0, ""rangeband"": ""Bynd"", ""arc"": 0, ""xingt"": 0, ""time"": 0, ""straddle"": 0}, ""firedat"": -5, ""blocksize"": 6, ""currblock"": 0, ""blockfill"": 0}, ""GDH11"": {""locn"": [0, 933, 66], ""turn_points"": [], ""dsgnspd"": 30, ""currspd"": 21, ""belt"": 0, ""deck"": 0, ""main"": {""targ"": """", ""calibre"": ""SS"", ""fore"": 2, ""mid"": 7, ""aft"": 2, ""range"": 0, ""rangeband"": ""Bynd"", ""arc"": 0, ""xingt"": 0, ""time"": 0, ""straddle"": 0}, ""firedat"": -5, ""blocksize"": 6, ""currblock"": 0, ""blockfill"": 0}, ""GDH12"": {""locn"": [0, 933, 63], ""turn_points"": [], ""dsgnspd"": 30, ""currspd"": 21, ""belt"": 0, ""deck"": 0, ""main"": {""targ"": """", ""calibre"": ""SS"", ""fore"": 2, ""mid"": 7, ""aft"": 2, ""range"": 0, ""rangeband"": ""Bynd"", ""arc"": 0, ""xingt"": 0, ""time"": 0, ""straddle"": 0}, ""firedat"": -5, ""blocksize"": 6, ""currblock"": 0, ""blockfill"": 0}, ""GDH13"": {""locn"": [0, 933, 60], ""turn_points"": [], ""dsgnspd"": 30, ""currspd"": 21, ""belt"": 0, ""deck"": 0, ""main"": {""targ"": """", ""calibre"": ""SS"", ""fore"": 2, ""mid"": 7, ""aft"": 2, ""range"": 0, ""rangeband"": ""Bynd"", ""arc"": 0, ""xingt"": 0, ""time"": 0, ""straddle"": 0}, ""firedat"": -5, ""blocksize"": 6, ""currblock"": 0, ""blockfill"": 0}, ""GDH14"": {""locn"": [0, 933, 57], ""turn_points"": [], ""dsgnspd"": 30, ""currspd"": 21, ""belt"": 0, ""deck"": 0, ""main"": {""targ"": """", ""calibre"": ""SS"", ""fore"": 2, ""mid"": 7, ""aft"": 2, ""range"": 0, ""rangeband"": ""Bynd"", ""arc"": 0, ""xingt"": 0, ""time"": 0, ""straddle"": 0}, ""firedat"": -5, ""blocksize"": 6, ""currblock"": 0, ""blockfill"": 0}, ""GDH15"": {""locn"": [0, 933, 54], ""turn_points"": [], ""dsgnspd"": 30, ""currspd"": 21, ""belt"": 0, ""deck"": 0, ""main"": {""targ"": """", ""calibre"": ""SS"", ""fore"": 2, ""mid"": 7, ""aft"": 2, ""range"": 0, ""rangeband"": ""Bynd"", ""arc"": 0, ""xingt"": 0, ""time"": 0, ""straddle"": 0}, ""firedat"": -5, ""blocksize"": 6, ""currblock"": 0, ""blockfill"": 0}, ""GDH16"": {""locn"": [0, 933, 51], ""turn_points"": [], ""dsgnspd"": 30, ""currspd"": 21, ""belt"": 0, ""deck"": 0, ""main"": {""targ"": """", ""calibre"": ""SS"", ""fore"": 2, ""mid"": 7, ""aft"": 2, ""range"": 0, ""rangeband"": ""Bynd"", ""arc"": 0, ""xingt"": 0, ""time"": 0, ""straddle"": 0}, ""firedat"": -5, ""blocksize"": 6, ""currblock"": 0, ""blockfill"": 0}, ""GDH17"": {""locn"": [0, 996, 27], ""turn_points"": [], ""dsgnspd"": 30, ""currspd"": 21, ""belt"": 0, ""deck"": 0, ""main"": {""targ"": """", ""calibre"": ""SS"", ""fore"": 2, ""mid"": 7, ""aft"": 2, ""range"": 0, ""rangeband"": ""Bynd"", ""arc"": 0, ""xingt"": 0, ""time"": 0, ""straddle"": 0}, ""firedat"": -5, ""blocksize"": 6, ""currblock"": 0, ""blockfill"": 0}, ""GDH18"": {""locn"": [0, 996, 24], ""turn_points"": [], ""dsgnspd"": 30, ""currspd"": 21, ""belt"": 0, ""deck"": 0, ""main"": {""targ"": """", ""calibre"": ""SS"", ""fore"": 2, ""mid"": 7, ""aft"": 2, ""range"": 0, ""rangeband"": ""Bynd"", ""arc"": 0, ""xingt"": 0, ""time"": 0, ""straddle"": 0}, ""firedat"": -5, ""blocksize"": 6, ""currblock"": 0, ""blockfill"": 0}, ""GDH19"": {""locn"": [0, 996, 21], ""turn_points"": [], ""dsgnspd"": 30, ""currspd"": 21, ""belt"": 0, ""deck"": 0, ""main"": {""targ"": """", ""calibre"": ""SS"", ""fore"": 2, ""mid"": 7, ""aft"": 2, ""range"": 0, ""rangeband"": ""Bynd"", ""arc"": 0, ""xingt"": 0, ""time"": 0, ""straddle"": 0}, ""firedat"": -5, ""blocksize"": 6, ""currblock"": 0, ""blockfill"": 0}, ""GDH20"": {""locn"": [0, 996, 18], ""turn_points"": [], ""dsgnspd"": 30, ""currspd"": 21, ""belt"": 0, ""deck"": 0, ""main"": {""targ"": """", ""calibre"": ""SS"", ""fore"": 2, ""mid"": 7, ""aft"": 2, ""range"": 0, ""rangeband"": ""Bynd"", ""arc"": 0, ""xingt"": 0, ""time"": 0, ""straddle"": 0}, ""firedat"": -5, ""blocksize"": 6, ""currblock"": 0, ""blockfill"": 0}, ""RB1"": {""locn"": [4, 1056, 475], ""turn_points"": [], ""dsgnspd"": 21, ""currspd"": 15, ""belt"": 12, ""deck"": 4, ""main"": {""targ"": ""GB15"", ""calibre"": ""MM"", ""fore"": 4, ""mid"": 10, ""aft"": 4, ""range"": 0, ""rangeband"": ""Bynd"", ""arc"": 0, ""xingt"": 0, ""time"": 0, ""straddle"": 0}, ""firedat"": -5, ""blocksize"": 22, ""currblock"": 2, ""blockfill"": 4}, ""RB2"": {""locn"": [4, 1056, 433], ""turn_points"": [], ""dsgnspd"": 21, ""currspd"": 15, ""belt"": 12, ""deck"": 4, ""main"": {""targ"": ""GB10"", ""calibre"": ""MM"", ""fore"": 4, ""mid"": 10, ""aft"": 4, ""range"": 0, ""rangeband"": ""Bynd"", ""arc"": 0, ""xingt"": 0, ""time"": 0, ""straddle"": 0}, ""firedat"": -5, ""blocksize"": 22, ""currblock"": 0, ""blockfill"": 0}, ""RB3"": {""locn"": [4, 1056, 469], ""turn_points"": [], ""dsgnspd"": 27, ""currspd"": 15, ""belt"": 9, ""deck"": 2.5, ""main"": {""targ"": ""GB15"", ""calibre"": ""MM"", ""fore"": 4, ""mid"": 8, ""aft"": 4, ""range"": 0, ""rangeband"": ""Bynd"", ""arc"": 0, ""xingt"": 0, ""time"": 0, ""straddle"": 0}, ""firedat"": -5, ""blocksize"": 18, ""currblock"": 4, ""blockfill"": 0}, ""RB4"": {""locn"": [4, 1056, 439], ""turn_points"": [], ""dsgnspd"": 21, ""currspd"": 15, ""belt"": 11, ""deck"": 4, ""main"": {""targ"": ""GB11"", ""calibre"": ""LM"", ""fore"": 4, ""mid"": 8, ""aft"": 4, ""range"": 0, ""rangeband"": ""Bynd"", ""arc"": 0, ""xingt"": 0, ""time"": 0, ""straddle"": 0}, ""firedat"": -5, ""blocksize"": 22, ""currblock"": 0, ""blockfill"": 0}, ""RB5"": {""locn"": [4, 1056, 445], ""turn_points"": [], ""dsgnspd"": 21, ""currspd"": 15, ""belt"": 10, ""deck"": 3, ""main"": {""targ"": ""GB12"", ""calibre"": ""LM"", ""fore"": 4, ""mid"": 8, ""aft"": 4, ""range"": 0, ""rangeband"": ""Bynd"", ""arc"": 0, ""xingt"": 0, ""time"": 0, ""straddle"": 0}, ""firedat"": -5, ""blocksize"": 22, ""currblock"": 0, ""blockfill"": 0}, ""RB6"": {""locn"": [4, 1056, 451], ""turn_points"": [], ""dsgnspd"": 21, ""currspd"": 15, ""belt"": 10, ""deck"": 4, ""main"": {""targ"": ""GB13"", ""calibre"": ""LM"", ""fore"": 4, ""mid"": 8, ""aft"": 4, ""range"": 0, ""rangeband"": ""Bynd"", ""arc"": 0, ""xingt"": 0, ""time"": 0, ""straddle"": 0}, ""firedat"": -5, ""blocksize"": 22, ""currblock"": 0, ""blockfill"": 0}, ""RB7"": {""locn"": [4, 1056, 457], ""turn_points"": [], ""dsgnspd"": 24, ""currspd"": 15, ""belt"": 6, ""deck"": 2.5, ""main"": {""targ"": ""GB9"", ""calibre"": ""LM"", ""fore"": 4, ""mid"": 6, ""aft"": 4, ""range"": 0, ""rangeband"": ""Bynd"", ""arc"": 0, ""xingt"": 0, ""time"": 0, ""straddle"": 0}, ""firedat"": -5, ""blocksize"": 16, ""currblock"": 0, ""blockfill"": 0}, ""RB8"": {""locn"": [4, 1056, 463], ""turn_points"": [], ""dsgnspd"": 21, ""currspd"": 15, ""belt"": 11, ""deck"": 3, ""main"": {""targ"": ""GB14"", ""calibre"": ""LM"", ""fore"": 4, ""mid"": 8, ""aft"": 4, ""range"": 0, ""rangeband"": ""Bynd"", ""arc"": 0, ""xingt"": 0, ""time"": 0, ""straddle"": 0}, ""firedat"": -5, ""blocksize"": 22, ""currblock"": 0, ""blockfill"": 0}, ""RC1"": {""locn"": [4, 1047, 439], ""turn_points"": [], ""dsgnspd"": 21, ""currspd"": 15, ""belt"": 0, ""deck"": 2, ""main"": {""targ"": """", ""calibre"": ""XS"", ""fore"": 2, ""mid"": 5, ""aft"": 2, ""range"": 0, ""rangeband"": ""Bynd"", ""arc"": 0, ""xingt"": 0, ""time"": 0, ""straddle"": 0}, ""firedat"": -5, ""blocksize"": 8, ""currblock"": 0, ""blockfill"": 0}, ""RC2"": {""locn"": [4, 1047, 460], ""turn_points"": [], ""dsgnspd"": 21, ""currspd"": 15, ""belt"": 0, ""deck"": 2, ""main"": {""targ"": """", ""calibre"": ""XS"", ""fore"": 2, ""mid"": 5, ""aft"": 2, ""range"": 0, ""rangeband"": ""Bynd"", ""arc"": 0, ""xingt"": 0, ""time"": 0, ""straddle"": 0}, ""firedat"": -5, ""blocksize"": 8, ""currblock"": 0, ""blockfill"": 0}, ""RC3"": {""locn"": [4, 1065, 439], ""turn_points"": [], ""dsgnspd"": 21, ""currspd"": 15, ""belt"": 0, ""deck"": 2, ""main"": {""targ"": """", ""calibre"": ""XS"", ""fore"": 2, ""mid"": 5, ""aft"": 2, ""range"": 0, ""rangeband"": ""Bynd"", ""arc"": 0, ""xingt"": 0, ""time"": 0, ""straddle"": 0}, ""firedat"": -5, ""blocksize"": 8, ""currblock"": 0, ""blockfill"": 0}, ""RC4"": {""locn"": [4, 1065, 460], ""turn_points"": [], ""dsgnspd"": 21, ""currspd"": 15, ""belt"": 0, ""deck"": 2, ""main"": {""targ"": """", ""calibre"": ""XS"", ""fore"": 2, ""mid"": 5, ""aft"": 2, ""range"": 0, ""rangeband"": ""Bynd"", ""arc"": 0, ""xingt"": 0, ""time"": 0, ""straddle"": 0}, ""firedat"": -5, ""blocksize"": 8, ""currblock"": 0, ""blockfill"": 0}, ""RD1"": {""locn"": [4, 1047, 433], ""turn_points"": [], ""dsgnspd"": 30, ""currspd"": 15, ""belt"": 0, ""deck"": 0, ""main"": {""targ"": """", ""calibre"": ""XS"", ""fore"": 2, ""mid"": 5, ""aft"": 2, ""range"": 0, ""rangeband"": ""Bynd"", ""arc"": 0, ""xingt"": 0, ""time"": 0, ""straddle"": 0}, ""firedat"": -5, ""blocksize"": 2, ""currblock"": 0, ""blockfill"": 0}, ""RD2"": {""locn"": [4, 1047, 439], ""turn_points"": [], ""dsgnspd"": 30, ""currspd"": 15, ""belt"": 0, ""deck"": 0, ""main"": {""targ"": """", ""calibre"": ""XS"", ""fore"": 2, ""mid"": 5, ""aft"": 2, ""range"": 0, ""rangeband"": ""Bynd"", ""arc"": 0, ""xingt"": 0, ""time"": 0, ""straddle"": 0}, ""firedat"": -5, ""blocksize"": 2, ""currblock"": 0, ""blockfill"": 0}, ""RD3"": {""locn"": [4, 1047, 445], ""turn_points"": [], ""dsgnspd"": 30, ""currspd"": 15, ""belt"": 0, ""deck"": 0, ""main"": {""targ"": """", ""calibre"": ""XS"", ""fore"": 2, ""mid"": 5, ""aft"": 2, ""range"": 0, ""rangeband"": ""Bynd"", ""arc"": 0, ""xingt"": 0, ""time"": 0, ""straddle"": 0}, ""firedat"": -5, ""blocksize"": 2, ""currblock"": 0, ""blockfill"": 0}, ""RD4"": {""locn"": [4, 1047, 451], ""turn_points"": [], ""dsgnspd"": 30, ""currspd"": 15, ""belt"": 0, ""deck"": 0, ""main"": {""targ"": """", ""calibre"": ""XS"", ""fore"": 2, ""mid"": 5, ""aft"": 2, ""range"": 0, ""rangeband"": ""Bynd"", ""arc"": 0, ""xingt"": 0, ""time"": 0, ""straddle"": 0}, ""firedat"": -5, ""blocksize"": 2, ""currblock"": 0, ""blockfill"": 0}, ""RD5"": {""locn"": [4, 1047, 457], ""turn_points"": [], ""dsgnspd"": 30, ""currspd"": 15, ""belt"": 0, ""deck"": 0, ""main"": {""targ"": """", ""calibre"": ""XS"", ""fore"": 2, ""mid"": 5, ""aft"": 2, ""range"": 0, ""rangeband"": ""Bynd"", ""arc"": 0, ""xingt"": 0, ""time"": 0, ""straddle"": 0}, ""firedat"": -5, ""blocksize"": 2, ""currblock"": 0, ""blockfill"": 0}, ""RD6"": {""locn"": [4, 1047, 463], ""turn_points"": [], ""dsgnspd"": 30, ""currspd"": 15, ""belt"": 0, ""deck"": 0, ""main"": {""targ"": """", ""calibre"": ""XS"", ""fore"": 2, ""mid"": 5, ""aft"": 2, ""range"": 0, ""rangeband"": ""Bynd"", ""arc"": 0, ""xingt"": 0, ""time"": 0, ""straddle"": 0}, ""firedat"": -5, ""blocksize"": 2, ""currblock"": 0, ""blockfill"": 0}, ""RD7"": {""locn"": [4, 1047, 469], ""turn_points"": [], ""dsgnspd"": 30, ""currspd"": 15, ""belt"": 0, ""deck"": 0, ""main"": {""targ"": """", ""calibre"": ""XS"", ""fore"": 2, ""mid"": 5, ""aft"": 2, ""range"": 0, ""rangeband"": ""Bynd"", ""arc"": 0, ""xingt"": 0, ""time"": 0, ""straddle"": 0}, ""firedat"": -5, ""blocksize"": 2, ""currblock"": 0, ""blockfill"": 0}, ""RD8"": {""locn"": [4, 1047, 475], ""turn_points"": [], ""dsgnspd"": 30, ""currspd"": 15, ""belt"": 0, ""deck"": 0, ""main"": {""targ"": """", ""calibre"": ""XS"", ""fore"": 2, ""mid"": 5, ""aft"": 2, ""range"": 0, ""rangeband"": ""Bynd"", ""arc"": 0, ""xingt"": 0, ""time"": 0, ""straddle"": 0}, ""firedat"": -5, ""blocksize"": 2, ""currblock"": 0, ""blockfill"": 0}, ""RD9"": {""locn"": [4, 1074, 433], ""turn_points"": [], ""dsgnspd"": 30, ""currspd"": 15, ""belt"": 0, ""deck"": 0, ""main"": {""targ"": """", ""calibre"": ""XS"", ""fore"": 2, ""mid"": 5, ""aft"": 2, ""range"": 0, ""rangeband"": ""Bynd"", ""arc"": 0, ""xingt"": 0, ""time"": 0, ""straddle"": 0}, ""firedat"": -5, ""blocksize"": 2, ""currblock"": 0, ""blockfill"": 0}, ""RD10"": {""locn"": [4, 1074, 439], ""turn_points"": [], ""dsgnspd"": 30, ""currspd"": 15, ""belt"": 0, ""deck"": 0, ""main"": {""targ"": """", ""calibre"": ""XS"", ""fore"": 2, ""mid"": 5, ""aft"": 2, ""range"": 0, ""rangeband"": ""Bynd"", ""arc"": 0, ""xingt"": 0, ""time"": 0, ""straddle"": 0}, ""firedat"": -5, ""blocksize"": 2, ""currblock"": 0, ""blockfill"": 0}, ""RD11"": {""locn"": [4, 1074, 445], ""turn_points"": [], ""dsgnspd"": 30, ""currspd"": 15, ""belt"": 0, ""deck"": 0, ""main"": {""targ"": """", ""calibre"": ""XS"", ""fore"": 2, ""mid"": 5, ""aft"": 2, ""range"": 0, ""rangeband"": ""Bynd"", ""arc"": 0, ""xingt"": 0, ""time"": 0, ""straddle"": 0}, ""firedat"": -5, ""blocksize"": 2, ""currblock"": 0, ""blockfill"": 0}, ""RD12"": {""locn"": [4, 1074, 451], ""turn_points"": [], ""dsgnspd"": 30, ""currspd"": 15, ""belt"": 0, ""deck"": 0, ""main"": {""targ"": """", ""calibre"": ""XS"", ""fore"": 2, ""mid"": 5, ""aft"": 2, ""range"": 0, ""rangeband"": ""Bynd"", ""arc"": 0, ""xingt"": 0, ""time"": 0, ""straddle"": 0}, ""firedat"": -5, ""blocksize"": 2, ""currblock"": 0, ""blockfill"": 0}, ""RD13"": {""locn"": [4, 1074, 457], ""turn_points"": [], ""dsgnspd"": 30, ""currspd"": 15, ""belt"": 0, ""deck"": 0, ""main"": {""targ"": """", ""calibre"": ""XS"", ""fore"": 2, ""mid"": 5, ""aft"": 2, ""range"": 0, ""rangeband"": ""Bynd"", ""arc"": 0, ""xingt"": 0, ""time"": 0, ""straddle"": 0}, ""firedat"": -5, ""blocksize"": 2, ""currblock"": 0, ""blockfill"": 0}, ""RD14"": {""locn"": [4, 1074, 463], ""turn_points"": [], ""dsgnspd"": 30, ""currspd"": 15, ""belt"": 0, ""deck"": 0, ""main"": {""targ"": """", ""calibre"": ""XS"", ""fore"": 2, ""mid"": 5, ""aft"": 2, ""range"": 0, ""rangeband"": ""Bynd"", ""arc"": 0, ""xingt"": 0, ""time"": 0, ""straddle"": 0}, ""firedat"": -5, ""blocksize"": 2, ""currblock"": 0, ""blockfill"": 0}, ""RD15"": {""locn"": [4, 1074, 469], ""turn_points"": [], ""dsgnspd"": 30, ""currspd"": 15, ""belt"": 0, ""deck"": 0, ""main"": {""targ"": """", ""calibre"": ""XS"", ""fore"": 2, ""mid"": 5, ""aft"": 2, ""range"": 0, ""rangeband"": ""Bynd"", ""arc"": 0, ""xingt"": 0, ""time"": 0, ""straddle"": 0}, ""firedat"": -5, ""blocksize"": 2, ""currblock"": 0, ""blockfill"": 0}, ""RD16"": {""locn"": [4, 1074, 475], ""turn_points"": [], ""dsgnspd"": 30, ""currspd"": 15, ""belt"": 0, ""deck"": 0, ""main"": {""targ"": """", ""calibre"": ""XS"", ""fore"": 2, ""mid"": 5, ""aft"": 2, ""range"": 0, ""rangeband"": ""Bynd"", ""arc"": 0, ""xingt"": 0, ""time"": 0, ""straddle"": 0}, ""firedat"": -5, ""blocksize"": 2, ""currblock"": 0, ""blockfill"": 0}},""sunk_ships"":{}}"
"{""move"":0,"
fleets:{
Allied: [{
"name: ""SlowABC"", ""colour"": ""G"", ""formations"": [""GBatRon1"", ""GBatRon2"", ""GCruDiv1a"", ""GCruDiv1b"", ""GDesRon1"", ""GDesRon2"", ""GRearDiv""]}], "
Enemy: [{
"name: ""NeuLgIsle"", ""colour"": ""R"", ""formations"": [""RBatDiv1"", ""RCru1"", ""RCru2"", ""RDesRon1"", ""RDesRon2""]}]},"
formations:{
"GBatRon1: {""currspd"": 21, ""step"": 3, ""bestspd"": 21, ""b4turn"": 0, ""straight"": 8, ""move"": ""A21"", ""facing"": 0, ""ships"": [""GB10"", ""GB11"", ""GB12"", ""GB13"", ""GB9"", ""GB14"", ""GB15""]}, "
"GBatRon2: {""currspd"": 21, ""step"": 3, ""bestspd"": 24, ""b4turn"": 0, ""straight"": 8, ""move"": ""A24"", ""facing"": 0, ""ships"": [""GB6"", ""GB8"", ""GB1"", ""GB7"", ""GB5"", ""GB4""]}, "
"RBatDiv1: {""currspd"": 15, ""step"": 3, ""bestspd"": 21, ""b4turn"": 0, ""straight"": 8, ""move"": ""A18"", ""facing"": 4, ""ships"": [""RB2"", ""RB4"", ""RB5"", ""RB6"", ""RB7"", ""RB8"", ""RB3"", ""RB1""]}, "
"GCruDiv1a: {""currspd"": 21, ""step"": 6, ""bestspd"": 30, ""b4turn"": 0, ""straight"": 6, ""move"": ""S24"", ""facing"": 0, ""ships"": [""GCr21"", ""GCr23""]}, "
"GCruDiv1b: {""currspd"": 21, ""step"": 6, ""bestspd"": 30, ""b4turn"": 0, ""straight"": 6, ""move"": ""A24"", ""facing"": 0, ""ships"": [""GCr22"", ""GCr24""]},"
"GDesRon1"": {""currspd"": 21, ""step"": 6, ""bestspd"": 30, ""b4turn"": 0, ""straight"": 6, ""move"": ""A16S8"", ""facing"": 0, ""ships"": [""GCr39"", ""GDH1"", ""GDH2"", ""GDH3"", ""GDH4"", ""GDH5"", ""GDH6"", ""GDH7"", ""GDH8""]}, "
"GDesRon2: {""currspd"": 21, ""step"": 6, ""bestspd"": 30, ""b4turn"": 0, ""straight"": 6, ""move"": ""A24"", ""facing"": 0, ""ships"": [""GCr25"", ""GDH9"", ""GDH10"", ""GDH11"", ""GDH12"", ""GDH13"", ""GDH14"", ""GDH15"", ""GDH16""]}, "
"GRearDiv: {""currspd"": 21, ""step"": 6, ""bestspd"": 21, ""b4turn"": 0, ""straight"": 6, ""move"": ""A21"", ""facing"": 0, ""ships"": [""GCr36"", ""GDH17"", ""GDH18"", ""GDH19"", ""GDH20"", ""GCr1""]}, "
"RCru1: {""currspd"": 15, ""step"": 6, ""bestspd"": 30, ""b4turn"": 0, ""straight"": 6, ""move"": ""A18"", ""facing"": 4, ""ships"": [""RC1"", ""RC2""]}, "
"RCru2: {""currspd"": 15, ""step"": 6, ""bestspd"": 30, ""b4turn"": 0, ""straight"": 6, ""move"": ""A18"", ""facing"": 4, ""ships"": [""RC3"", ""RC4""]}, "
"RDesRon1: {""currspd"": 15, ""step"": 6, ""bestspd"": 30, ""b4turn"": 0, ""straight"": 4, ""move"": ""A18"", ""facing"": 4, ""ships"": [""RD1"", ""RD2"", ""RD3"", ""RD4"", ""RD5"", ""RD6"", ""RD7"", ""RD8""]}, "
"RDesRon2: {""currspd"": 15, ""step"": 6, ""bestspd"": 30, ""b4turn"": 0, ""straight"": 4, ""move"": ""A18"", ""facing"": 4, ""ships"": [""RD9"", ""RD10"", ""RD11"", ""RD12"", ""RD13"", ""RD14"", ""RD15"", ""RD16""]}, "
"sunk: {""currspd"": 0, ""step"": 0, ""bestspd"": 0, ""b4turn"": 0, ""straight"": 0, ""move"": "" "", ""facing"": 0, ""ships"": []}},"
ships:{
"GB1: {""locn"": [0, 942, 63], ""turn_points"": [], ""dsgnspd"": 21, ""currspd"": 21, ""belt"": 13, ""deck"": 2.5, ""main"": {""targ"": ""RB8"", ""calibre"": ""LM"", ""fore"": 4, ""mid"": 12, ""aft"": 4, ""range"": 0, ""rangeband"": ""Bynd"", ""arc"": 0, ""xingt"": 0, ""time"": 0, ""straddle"": 0}, ""firedat"": -5, ""blocksize"": 24, ""currblock"": 0, ""blockfill"": 0}, "
"GB4: {""locn"": [0, 942, 45], ""turn_points"": [], ""dsgnspd"": 21, ""currspd"": 21, ""belt"": 13, ""deck"": 2.5, ""main"": {""targ"": ""RB1"", ""calibre"": ""LM"", ""fore"": 4, ""mid"": 10, ""aft"": 4, ""range"": 0, ""rangeband"": ""Bynd"", ""arc"": 0, ""xingt"": 0, ""time"": 0, ""straddle"": 0}, ""firedat"": -5, ""blocksize"": 24, ""currblock"": 0, ""blockfill"": 0}, "
"GB5: {""locn"": [0, 942, 51], ""turn_points"": [], ""dsgnspd"": 21, ""currspd"": 21, ""belt"": 14, ""deck"": 3, ""main"": {""targ"": ""RB3"", ""calibre"": ""LM"", ""fore"": 4, ""mid"": 12, ""aft"": 4, ""range"": 0, ""rangeband"": ""Bynd"", ""arc"": 0, ""xingt"": 0, ""time"": 0, ""straddle"": 0}, ""firedat"": -5, ""blocksize"": 24, ""currblock"": 0, ""blockfill"": 0}, "
"GB6: {""locn"": [0, 942, 75], ""turn_points"": [], ""dsgnspd"": 21, ""currspd"": 21, ""belt"": 14, ""deck"": 3, ""main"": {""targ"": ""RB7"", ""calibre"": ""MM"", ""fore"": 4, ""mid"": 8, ""aft"": 4, ""range"": 0, ""rangeband"": ""Bynd"", ""arc"": 0, ""xingt"": 0, ""time"": 0, ""straddle"": 0}, ""firedat"": -5, ""blocksize"": 24, ""currblock"": 0, ""blockfill"": 0}, "
"GB7: {""locn"": [0, 942, 57], ""turn_points"": [], ""dsgnspd"": 21, ""currspd"": 21, ""belt"": 14, ""deck"": 3, ""main"": {""targ"": ""RB8"", ""calibre"": ""MM"", ""fore"": 4, ""mid"": 8, ""aft"": 4, ""range"": 0, ""rangeband"": ""Bynd"", ""arc"": 0, ""xingt"": 0, ""time"": 0, ""straddle"": 0}, ""firedat"": -5, ""blocksize"": 24, ""currblock"": 0, ""blockfill"": 0}, "
"GB8: {""locn"": [0, 942, 69], ""turn_points"": [], ""dsgnspd"": 21, ""currspd"": 21, ""belt"": 14, ""deck"": 3, ""main"": {""targ"": ""RB7"", ""calibre"": ""MM"", ""fore"": 4, ""mid"": 10, ""aft"": 4, ""range"": 0, ""rangeband"": ""Bynd"", ""arc"": 0, ""xingt"": 0, ""time"": 0, ""straddle"": 0}, ""firedat"": -5, ""blocksize"": 24, ""currblock"": 0, ""blockfill"": 0}, "
"GB9: {""locn"": [0, 1049, 51], ""turn_points"": [], ""dsgnspd"": 21, ""currspd"": 21, ""belt"": 15, ""deck"": 3, ""main"": {""targ"": ""RB5"", ""calibre"": ""MM"", ""fore"": 4, ""mid"": 14, ""aft"": 4, ""range"": 0, ""rangeband"": ""Bynd"", ""arc"": 0, ""xingt"": 0, ""time"": 0, ""straddle"": 0}, ""firedat"": -5, ""blocksize"": 24, ""currblock"": 0, ""blockfill"": 0}, "
